{
    "device_uid": "MK10DN64VFM5",
    "tables": [
        {
            "BoardToDevice": {
                "board_uid": ["GENERIC_ARM_BOARD"]
            }
        },
        {
            "CompilerToDevice": {
                "compiler_uid": [
                    "clang-llvm",
                    "gcc_arm_none_eabi"
                ]
            }
        },
        {
            "DeviceToPackage": {
                "package_uid": ["32/HVQFN"]
            }
        },
        {
            "DeviceToSocket": {
                "socket_uid": ["NONE"]
            }
        },
        {
            "SDKToDevice": {
                "sdk_uid": "2.11.3+"
            }
        }
    ]
}