{
    "def_file":"MK10DN512VLK10.json",
    "family_uid":"KINETIS_K_SERIES",
    "flash":"512",
    "icon":"images/mcu/nxp.png",
    "max_speed":"100.000",
    "name":"MK10DN512VLK10",
    "ram":"131072",
    "sdk_config":"{\"MCU_NAME\":\"MK10DN512VLK10\",\"CORE_NAME\":\"M4\",\"_MSDK_HAL_LOW_LEVEL_TARGET_\":\"mikroe\",\"_MSDK_ETH_PHY_CHIP_\":\"NULL\"}",
    "necto_config":"",
    "uid":"MK10DN512VLK10",
    "vendor":"NXP",
    "compiler_flags":"",
    "linker_flags":"",
    "tft_socket":"1",
    "sdk_support":"0",
    "installer_package":"{\"clang-llvm\": \"arm_gcc_clang_MK10DN512V_X10\", \"gcc_arm_none_eabi\": \"arm_gcc_clang_MK10DN512V_X10\"}"
}